<?xml version="1.0" encoding="UTF-8"?>
<project-private xmlns="http://www.netbeans.org/ns/project-private/1">
    <editor-bookmarks xmlns="http://www.netbeans.org/ns/editor-bookmarks/2" lastBookmarkId="0"/>
    <open-files xmlns="http://www.netbeans.org/ns/projectui-open-files/2">
        <group>
            <file>file:/C:/Users/YOUSSEF/Desktop/Vanier%20Related/Vanier%20College%20Courses%20F23/Computer%20Science/JavaApplication3/JavaApplication3/src/Assignement02.java</file>
            <file>file:/C:/Users/YOUSSEF/Desktop/Vanier%20Related/Vanier%20College%20Courses%20F23/Computer%20Science/JavaApplication3/JavaApplication3/src/MarathonerModel.java</file>
            <file>file:/C:/Users/YOUSSEF/Desktop/Vanier%20Related/Vanier%20College%20Courses%20F23/Computer%20Science/JavaApplication3/JavaApplication3/src/Assignment02FXMLController.java</file>
            <file>file:/C:/Users/YOUSSEF/Desktop/Vanier%20Related/Vanier%20College%20Courses%20F23/Computer%20Science/JavaApplication3/JavaApplication3/src/NewFXMain.java</file>
            <file>file:/C:/Users/YOUSSEF/Desktop/Vanier%20Related/Vanier%20College%20Courses%20F23/Computer%20Science/JavaApplication3/JavaApplication3/src/GreetingFXMLController.java</file>
        </group>
    </open-files>
</project-private>
